Timestamp,date_id,customer_id,item_id,payment_method_id,quantity,price_per_item,total_price
6/21/2023 10:35,71,518529,1,1,4,17.86,71.44
4/23/2023 19:13,15,929362,2,2,5,7.46,37.3
8/13/2023 17:13,119,390753,3,3,1,8.81,8.81
1/24/2024 18:38,273,310934,4,2,1,12.62,12.62
4/9/2023 14:24,1,781110,5,1,5,17.69,88.45
9/25/2023 11:22,158,671615,6,3,1,10.58,10.58
5/6/2023 4:37,28,421259,7,2,5,5.58,27.9
4/30/2023 5:44,22,233961,8,1,5,18.4,92
3/15/2024 11:32,321,711114,9,2,3,16.27,48.81
3/17/2024 9:14,323,584205,10,1,5,6.11,30.55
5/31/2023 14:35,52,851827,11,1,5,7.64,38.2
9/5/2023 21:27,140,950651,12,2,2,13.35,26.7
2/11/2024 23:27,290,770201,13,3,1,15.53,15.53
5/20/2023 7:46,41,503326,14,3,2,19.14,38.28
12/18/2023 14:53,239,931900,15,1,5,15.95,79.75
8/9/2023 11:13,116,854332,16,3,1,19.28,19.28
6/25/2023 8:30,75,117564,17,2,4,8.45,33.8
10/22/2023 17:03,185,818009,18,1,4,15.41,61.64
7/8/2023 14:07,87,797343,19,3,3,17.24,51.72
2/23/2024 15:54,301,227460,20,1,2,11.75,23.5
12/25/2023 1:02,245,48252,21,2,2,17.43,34.86
4/10/2023 23:05,2,743095,22,1,1,17.82,17.82
11/10/2023 10:33,202,634752,23,3,5,17.59,87.95
9/16/2023 14:53,150,196694,24,1,1,18.88,18.88
7/21/2023 23:43,99,928153,25,1,2,9.31,18.62
3/18/2024 18:36,324,243001,26,3,4,8,32
4/12/2023 8:55,4,117438,27,2,1,16.28,16.28
8/21/2023 7:51,126,423850,28,1,5,17.87,89.35
5/30/2023 23:51,51,645397,29,3,3,8.95,26.85
9/1/2023 21:40,137,623329,30,3,4,6.11,24.44
5/2/2023 11:09,24,328674,31,1,5,12.8,64
6/17/2023 0:04,68,269403,32,3,1,6.17,6.17
5/29/2023 21:29,50,984944,33,3,1,5.19,5.19
1/3/2024 15:35,253,888264,34,1,1,17.01,17.01
3/20/2024 7:28,326,595665,35,3,5,11.27,56.35
11/13/2023 16:34,205,191023,36,1,2,18.26,36.52
6/10/2023 19:41,62,210786,37,3,1,14.39,14.39
6/5/2023 12:18,57,14716,38,1,5,11.77,58.85
2/21/2024 10:37,299,460891,39,3,5,16.23,81.15
11/3/2023 0:54,196,874931,40,2,3,17.41,52.23
6/12/2023 23:29,64,518060,41,3,3,19.67,59.01
10/15/2023 7:50,178,875197,42,1,2,11.67,23.34
1/21/2024 6:25,271,475721,43,3,5,9.27,46.35
1/30/2024 3:40,279,612285,44,1,3,16.91,50.73
1/6/2024 15:42,256,165447,45,3,1,10.75,10.75
4/11/2023 15:00,3,781633,46,2,5,18.68,93.4
6/5/2023 23:47,57,985595,47,2,1,6.71,6.71
2/22/2024 16:47,300,194033,48,3,1,14.79,14.79
6/25/2023 20:25,75,384498,49,3,2,9.22,18.44
9/14/2023 10:43,148,471531,50,1,4,10.53,42.12
12/28/2023 15:19,248,944536,51,1,1,19.47,19.47
5/22/2023 3:35,43,36650,52,3,4,17.23,68.92
1/27/2024 9:15,276,101581,53,1,2,19.43,38.86
12/19/2023 15:53,240,932610,54,2,4,19.54,78.16
5/14/2023 5:31,36,596592,55,1,5,12.69,63.45
5/14/2023 5:31,36,596592,552,1,5,12.69,63.45
6/29/2023 19:28,79,173880,56,2,4,6.57,26.28
12/20/2023 12:58,241,996410,57,2,2,17.85,35.7
6/21/2023 4:46,71,55761,58,1,4,7.24,28.96
6/2/2023 0:56,54,581785,59,3,5,18.75,93.75
12/20/2023 20:17,241,707603,60,1,2,13.04,26.08
8/17/2023 19:33,123,879144,61,2,4,5.93,23.72
12/31/2023 17:55,250,685146,62,3,5,7.44,37.2
6/15/2023 11:31,66,809937,63,2,1,15.87,15.87
10/3/2023 16:24,166,357687,64,2,4,11.51,46.04
12/27/2023 20:24,247,117617,65,1,1,14.14,14.14
8/6/2023 21:42,113,330048,66,3,1,18.23,18.23
10/17/2023 1:40,180,64080,67,2,4,5.95,23.8
10/17/2023 1:40,180,64080,550,2,4,5.95,23.8
4/25/2023 15:43,17,364209,68,3,2,9.92,19.84
4/14/2023 15:12,6,996981,69,1,3,7.91,23.73
4/14/2023 15:12,6,996981,262,1,3,7.91,23.73
11/13/2023 7:11,205,983500,70,1,4,12.88,51.52
11/13/2023 7:11,205,983500,310,1,4,12.88,51.52
9/23/2023 17:11,157,889015,71,1,5,13.14,65.7
3/16/2024 11:18,322,546734,72,2,1,9.48,9.48
4/5/2024 19:55,340,522129,73,1,1,5.71,5.71
12/25/2023 21:41,245,762180,74,1,5,15.82,79.1
10/14/2023 19:51,177,136854,75,3,4,15.7,62.8
9/12/2023 18:28,147,940543,76,2,5,12.06,60.3
10/5/2023 18:33,168,388457,77,1,1,16.08,16.08
9/27/2023 18:51,160,413067,78,1,5,13.1,65.5
1/25/2024 20:54,274,637424,79,1,3,10.14,30.42
8/15/2023 18:50,121,304670,80,3,4,8.38,33.52
6/5/2023 16:18,57,502364,81,2,4,18.59,74.36
9/3/2023 12:51,139,534438,82,1,2,11.8,23.6
1/3/2024 20:17,253,458127,83,2,1,8.44,8.44
1/3/2024 20:17,253,458127,656,2,1,8.44,8.44
4/16/2023 19:21,8,180714,84,1,2,14.32,28.64
3/9/2024 13:32,315,530255,85,2,3,15.21,45.63
2/8/2024 18:02,287,776964,86,2,2,12.47,24.94
12/7/2023 1:30,228,598837,87,1,1,19.85,19.85
5/19/2023 1:35,40,292659,88,3,5,14.3,71.5
5/2/2023 11:00,24,406478,89,3,1,9.32,9.32
9/27/2023 20:50,160,635577,90,3,2,5.35,10.7
6/12/2023 11:30,64,899762,91,2,1,5.78,5.78
5/23/2023 22:49,44,672970,92,3,1,13.28,13.28
5/22/2023 8:59,43,327052,93,1,1,18.58,18.58
2/19/2024 9:23,297,437613,94,1,4,8.98,35.92
8/31/2023 13:08,136,650920,95,2,3,12.98,38.94
8/31/2023 13:08,136,650920,674,2,3,12.98,38.94
10/4/2023 12:35,167,31020,96,2,4,6.32,25.28
5/22/2023 9:25,43,559015,97,2,3,10.55,31.65
9/3/2023 19:43,139,246433,98,2,1,13.8,13.8
3/12/2024 15:40,318,96638,99,2,5,8.81,44.05
2/12/2024 4:39,291,423250,100,1,4,18.7,74.8
11/15/2023 1:21,206,136977,101,2,4,6.75,27
2/16/2024 3:14,294,56767,102,1,5,5.6,28
8/11/2023 15:08,117,914716,103,1,3,8.21,24.63
10/29/2023 11:40,191,328693,104,2,3,6.93,20.79
5/6/2023 11:04,28,628600,105,3,5,15.34,76.7
12/18/2023 3:01,239,559654,106,2,2,17.76,35.52
12/4/2023 0:47,225,245401,107,1,3,15.69,47.07
9/22/2023 14:54,156,369762,108,2,5,11.78,58.9
9/18/2023 7:27,152,564102,109,1,5,16.11,80.55
5/27/2023 1:04,48,609353,110,1,1,11.15,11.15
11/20/2023 23:32,211,197332,111,3,1,6.51,6.51
12/5/2023 19:16,226,428763,112,2,3,5.05,15.15
3/18/2024 7:49,324,316043,113,3,1,13.34,13.34
10/27/2023 14:51,189,147377,114,3,2,13.63,27.26
10/2/2023 2:36,165,93429,115,2,3,9.44,28.32
1/18/2024 19:47,268,994805,116,2,3,15.31,45.93
5/7/2023 18:48,29,680979,117,2,2,14.94,29.88
7/23/2023 13:15,100,421812,118,2,3,16.72,50.16
6/1/2023 6:23,53,459452,119,1,5,6.65,33.25
7/6/2023 18:51,85,930161,120,2,1,7.61,7.61
5/18/2023 9:49,39,755569,121,1,3,17.53,52.59
4/30/2023 19:09,22,507590,122,2,2,6.05,12.1
3/26/2024 2:23,331,664472,123,3,3,5.07,15.21
1/25/2024 16:58,274,97357,124,3,1,6.58,6.58
4/16/2023 0:31,8,584901,125,1,3,15.09,45.27
4/30/2023 7:14,22,52791,126,2,5,6.82,34.1
11/22/2023 23:19,213,455050,127,1,5,7.4,37
5/1/2023 22:40,23,86387,128,2,1,14.01,14.01
12/18/2023 22:23,239,140363,129,2,4,11.67,46.68
5/8/2023 4:46,30,683437,130,1,2,9.51,19.02
12/9/2023 16:26,230,644226,131,1,2,7.17,14.34
11/9/2023 5:30,201,849419,132,2,4,7.85,31.4
6/9/2023 2:52,61,617129,133,2,2,15.3,30.6
2/3/2024 2:31,282,856378,134,2,5,5.66,28.3
10/22/2023 16:31,185,398448,135,1,1,14.96,14.96
2/12/2024 14:40,291,448024,136,1,2,19.25,38.5
10/17/2023 17:40,180,95212,137,3,2,19.37,38.74
10/17/2023 17:40,180,95212,579,3,2,19.37,38.74
4/27/2023 11:30,19,679903,138,1,5,17,85
2/10/2024 21:32,289,189952,139,1,5,15.58,77.9
11/13/2023 9:38,205,965858,140,2,4,16.67,66.68
11/13/2023 9:38,205,965858,687,2,4,16.67,66.68
10/7/2023 0:17,170,78103,141,1,2,6.18,12.36
11/27/2023 11:39,218,91950,142,2,4,9.78,39.12
6/2/2023 13:07,54,36968,143,2,4,18.37,73.48
12/14/2023 15:51,235,855969,144,1,3,13.77,41.31
11/20/2023 14:24,211,56301,145,1,3,19.37,58.11
2/29/2024 6:31,306,34532,146,3,2,15.57,31.14
1/31/2024 21:36,280,430353,147,1,1,6.88,6.88
8/5/2023 23:49,112,269216,148,2,4,5.04,20.16
4/21/2023 14:20,13,738214,149,2,2,14.73,29.46
8/7/2023 20:08,114,220457,150,3,5,17.02,85.1
3/29/2024 10:32,334,507663,151,1,5,13.58,67.9
3/16/2024 1:52,322,720132,152,3,1,8.08,8.08
8/23/2023 0:40,128,20908,153,2,3,7,21
10/7/2023 14:33,170,86639,154,3,1,11.12,11.12
3/9/2024 9:47,315,737992,155,3,5,8.86,44.3
8/4/2023 21:56,111,664593,156,3,5,14.61,73.05
8/30/2023 22:01,135,536662,157,1,5,8.69,43.45
9/23/2023 18:13,157,562761,158,3,1,16.92,16.92
8/29/2023 20:28,134,78394,159,2,2,18.11,36.22
5/11/2023 8:05,33,100995,160,2,3,19.8,59.4
9/28/2023 7:32,161,392642,161,2,5,17.45,87.25
2/1/2024 7:13,281,650477,162,3,1,16.54,16.54
3/14/2024 6:56,320,904716,163,1,2,18.14,36.28
8/2/2023 20:16,109,581874,164,1,2,16.61,33.22
5/19/2023 0:06,40,254784,165,1,4,19.05,76.2
5/12/2023 9:02,34,585430,166,3,5,7.64,38.2
6/8/2023 7:35,60,861226,167,3,2,9.55,19.1
5/4/2023 21:46,26,276853,168,1,4,8.04,32.16
5/25/2023 16:23,46,445821,169,1,1,12.81,12.81
1/24/2024 23:08,273,173137,170,2,4,12.15,48.6
1/24/2024 23:08,273,173137,190,2,4,12.15,48.6
11/1/2023 23:29,194,823307,171,3,5,14.39,71.95
10/3/2023 20:57,166,866691,172,3,3,11.16,33.48
10/13/2023 7:35,176,378265,173,3,2,9.82,19.64
2/9/2024 5:03,288,596475,174,2,1,16.1,16.1
2/3/2024 12:14,282,921846,175,3,1,12.27,12.27
5/7/2023 19:30,29,513575,176,3,1,16.34,16.34
12/1/2023 17:56,222,983759,177,2,1,9.72,9.72
12/11/2023 3:20,232,603804,178,3,3,5.73,17.19
11/6/2023 15:49,199,738288,179,1,3,16.09,48.27
5/9/2023 15:23,31,989857,180,1,1,7.8,7.8
6/12/2023 20:54,64,746928,181,1,3,11.67,35.01
1/16/2024 10:45,266,423447,182,2,2,6.66,13.32
10/5/2023 3:26,168,640289,183,2,5,6.67,33.35
6/5/2023 22:23,57,602295,184,2,3,5.59,16.77
5/7/2023 16:37,29,76629,185,3,4,18.08,72.32
4/18/2023 21:50,10,385508,186,3,3,5.64,16.92
11/16/2023 18:48,207,552623,187,3,2,13.82,27.64
6/18/2023 10:42,69,583600,188,1,2,13.6,27.2
8/8/2023 14:23,115,936416,189,2,5,12.56,62.8
1/9/2024 22:53,259,175660,170,1,4,13.31,53.24
1/9/2024 22:53,259,175660,190,1,4,13.31,53.24
2/24/2024 17:23,302,982599,191,2,4,9.08,36.32
11/17/2023 9:36,208,236261,192,1,2,8.22,16.44
1/21/2024 3:39,271,461623,193,1,1,11.65,11.65
4/22/2023 0:45,14,139071,194,1,5,8.1,40.5
10/15/2023 7:19,178,600615,195,2,2,11.32,22.64
1/21/2024 9:22,271,137563,196,1,4,11.11,44.44
10/6/2023 7:48,169,917391,197,1,5,11.24,56.2
10/6/2023 7:48,169,917391,566,1,5,11.24,56.2
5/6/2023 20:31,28,991217,198,1,2,6.95,13.9
2/12/2024 13:06,291,950564,199,2,5,19.54,97.7
10/20/2023 1:58,183,768698,200,2,3,18.19,54.57
9/29/2023 0:42,162,78305,201,1,4,6.64,26.56
4/8/2024 6:25,342,926409,202,1,4,10.28,41.12
9/15/2023 10:47,149,101303,203,2,3,15.13,45.39
10/22/2023 7:39,185,484153,204,1,5,11.16,55.8
10/18/2023 1:21,181,848551,205,3,5,10.21,51.05
1/17/2024 10:59,267,784309,206,3,5,11.23,56.15
1/15/2024 19:20,265,508050,207,1,5,15.03,75.15
1/15/2024 19:20,265,508050,851,1,5,15.03,75.15
9/27/2023 20:19,160,233931,208,3,1,11.56,11.56
3/12/2024 21:51,318,257045,209,1,2,10.49,20.98
8/9/2023 15:06,116,88198,210,2,3,8.1,24.3
8/9/2023 15:06,116,88198,397,2,3,8.1,24.3
2/27/2024 23:09,304,52517,211,3,5,15.4,77
1/23/2024 4:21,272,688297,212,3,5,9.61,48.05
12/3/2023 1:11,224,495086,213,3,1,5.59,5.59
4/19/2023 12:28,11,852444,214,2,4,7.16,28.64
1/29/2024 17:50,278,612883,215,1,2,6.35,12.7
10/23/2023 1:42,186,637121,216,2,1,8.1,8.1
2/6/2024 6:18,285,957202,217,3,2,13.86,27.72
7/1/2023 7:39,81,521482,218,2,4,18.25,73
6/13/2023 16:16,65,587167,219,3,3,7.5,22.5
8/15/2023 19:43,121,910504,220,3,1,19.9,19.9
12/21/2023 0:05,242,322789,221,1,1,14.52,14.52
8/5/2023 14:40,112,655350,222,3,3,10.95,32.85
10/16/2023 20:37,179,590720,223,1,2,16.85,33.7
3/5/2024 6:11,311,14156,224,2,1,7.32,7.32
11/11/2023 17:11,203,699868,225,1,2,10.76,21.52
11/29/2023 20:53,220,525282,226,3,1,17.21,17.21
12/25/2023 3:13,245,209102,227,2,1,17.17,17.17
12/25/2023 3:13,245,209102,279,2,1,17.17,17.17
1/20/2024 4:08,270,365942,228,3,3,9.69,29.07
2/18/2024 17:51,296,616268,229,1,1,15.46,15.46
7/5/2023 2:07,84,544204,230,1,2,19.64,39.28
3/11/2024 10:13,317,203905,231,3,2,16.88,33.76
10/12/2023 16:18,175,881504,232,3,3,18.31,54.93
5/30/2023 5:22,51,520796,233,3,3,16.1,48.3
3/24/2024 6:32,330,515877,234,1,5,11.66,58.3
10/28/2023 11:41,190,822677,235,2,5,10.05,50.25
9/20/2023 13:37,154,145543,236,3,5,11.4,57
6/18/2023 8:58,69,912319,237,2,5,9.69,48.45
1/10/2024 4:45,260,558584,238,2,4,12.04,48.16
4/6/2024 0:52,341,203138,239,1,1,17.01,17.01
8/2/2023 20:44,109,47229,240,1,2,14.71,29.42
12/15/2023 15:52,236,522477,241,3,4,19.07,76.28
1/12/2024 2:27,262,44897,242,1,5,9.67,48.35
9/17/2023 0:24,151,905034,243,2,4,17,68
12/11/2023 20:00,232,413526,244,2,3,8.57,25.71
12/11/2023 20:00,232,413526,618,2,3,8.57,25.71
1/5/2024 4:04,255,933740,245,2,2,7.86,15.72
4/25/2023 1:31,17,647427,246,2,2,18.17,36.34
11/29/2023 10:40,220,587452,247,1,5,9.67,48.35
3/10/2024 8:17,316,75319,248,3,4,18.48,73.92
4/18/2023 5:36,10,670663,249,3,5,6.26,31.3
9/5/2023 0:39,140,838747,250,3,2,13.28,26.56
8/21/2023 22:02,126,352921,251,1,5,13.94,69.7
12/8/2023 23:02,229,27431,252,1,4,16.7,66.8
6/29/2023 13:24,79,999193,253,1,3,11.9,35.7
2/6/2024 11:39,285,39169,254,2,5,18.37,91.85
8/11/2023 11:43,117,201269,255,1,1,7.68,7.68
8/26/2023 21:06,131,299575,256,3,3,15.81,47.43
9/21/2023 19:39,155,250257,257,2,1,11.69,11.69
8/15/2023 0:53,121,755658,258,2,3,5.21,15.63
9/29/2023 4:21,162,507959,259,3,2,11.5,23
3/21/2024 4:26,327,76351,260,2,3,17.84,53.52
5/27/2023 12:45,48,712403,261,1,2,15.79,31.58
6/23/2023 10:36,73,129054,69,2,3,10.36,31.08
6/23/2023 10:36,73,129054,262,2,3,10.36,31.08
1/29/2024 1:21,278,536585,263,1,1,11.55,11.55
4/27/2023 3:00,19,737704,264,1,5,9.94,49.7
10/9/2023 17:42,172,321005,265,3,5,16.24,81.2
9/3/2023 19:52,139,407697,266,1,4,13.74,54.96
9/18/2023 9:38,152,48993,267,1,1,17.4,17.4
7/19/2023 13:00,97,664546,268,2,3,15.09,45.27
12/26/2023 0:34,246,371641,269,3,5,14.6,73
12/14/2023 7:38,235,785898,270,1,1,18.03,18.03
11/4/2023 13:01,197,668642,271,3,2,15.48,30.96
11/4/2023 13:01,197,668642,834,3,2,15.48,30.96
2/5/2024 1:36,284,373973,272,1,1,15.94,15.94
8/26/2023 0:27,131,865995,273,2,5,15.16,75.8
3/31/2024 22:34,336,667707,274,1,1,18.09,18.09
3/31/2024 22:34,336,667707,544,1,1,18.09,18.09
1/4/2024 18:28,254,705850,275,1,5,7.91,39.55
1/4/2024 18:28,254,705850,966,1,5,7.91,39.55
12/21/2023 20:52,242,334337,276,1,1,18.89,18.89
4/10/2023 22:48,2,857493,277,1,5,16.62,83.1
6/11/2023 7:42,63,164141,278,1,4,19.14,76.56
1/15/2024 3:29,265,161363,227,1,5,19.79,98.95
1/15/2024 3:29,265,161363,279,1,5,19.79,98.95
11/17/2023 10:39,208,36691,280,3,5,10.43,52.15
11/17/2023 10:39,208,36691,862,3,5,10.43,52.15
5/6/2023 17:31,28,789602,281,2,5,7.63,38.15
4/20/2023 19:12,12,470246,282,3,5,12.35,61.75
8/1/2023 20:36,108,465060,283,3,3,13.69,41.07
8/1/2023 20:36,108,465060,792,3,3,13.69,41.07
5/2/2023 17:46,24,352350,284,2,3,8.35,25.05
5/2/2023 17:46,24,352350,572,2,3,8.35,25.05
10/31/2023 16:27,193,870713,285,2,5,10.08,50.4
7/19/2023 9:07,97,616942,286,1,3,7.23,21.69
3/26/2024 16:49,331,363949,287,1,1,19.17,19.17
11/18/2023 11:43,209,412348,288,1,2,16.64,33.28
8/16/2023 9:17,122,999062,289,1,3,6.23,18.69
8/16/2023 9:17,122,999062,401,1,3,6.23,18.69
3/13/2024 16:16,319,546843,290,2,2,12.91,25.82
8/26/2023 6:25,131,27692,291,2,5,12.85,64.25
2/7/2024 14:06,286,382352,292,2,3,8.19,24.57
7/24/2023 10:09,101,730227,293,2,2,7.31,14.62
5/17/2023 0:11,38,264,294,3,5,15.33,76.65
10/4/2023 22:34,167,473251,295,3,4,8.56,34.24
7/3/2023 14:04,82,523769,296,1,1,16.24,16.24
2/28/2024 6:56,305,471884,297,3,4,7.55,30.2
11/23/2023 7:51,214,933252,298,1,3,18.82,56.46
7/28/2023 11:18,105,653283,299,2,4,15.85,63.4
3/17/2024 8:17,323,949022,300,3,2,16.14,32.28
11/10/2023 16:11,202,675166,301,1,5,19.62,98.1
11/10/2023 16:11,202,675166,853,1,5,19.62,98.1
3/10/2024 1:37,316,867541,302,1,4,17.5,70
11/6/2023 1:33,199,151421,303,3,2,9.97,19.94
5/26/2023 19:58,47,857559,304,1,3,18.56,55.68
5/26/2023 19:58,47,857559,759,1,3,18.56,55.68
6/25/2023 8:12,75,569815,305,3,1,5.22,5.22
9/9/2023 0:58,144,771817,306,1,1,17.76,17.76
7/7/2023 13:31,86,231666,307,3,4,19.61,78.44
7/7/2023 13:31,86,231666,998,3,4,19.61,78.44
2/6/2024 21:31,285,781457,308,2,4,5.88,23.52
12/10/2023 21:02,231,170645,309,3,3,10.19,30.57
12/30/2023 1:11,249,169931,70,2,1,17.15,17.15
12/30/2023 1:11,249,169931,310,2,1,17.15,17.15
6/21/2023 4:29,71,895437,311,1,3,15.74,47.22
1/17/2024 17:10,267,612320,312,1,1,5.41,5.41
5/24/2023 7:01,45,974063,313,3,2,10.68,21.36
11/15/2023 12:11,206,138968,314,2,3,18.22,54.66
3/29/2024 23:05,334,602672,315,1,5,8.95,44.75
5/30/2023 10:51,51,858301,316,2,5,15.49,77.45
11/21/2023 21:21,212,560789,317,3,1,14.07,14.07
10/5/2023 11:05,168,194013,318,2,1,11.81,11.81
10/17/2023 5:46,180,166760,319,3,2,15.68,31.36
6/30/2023 17:05,80,770672,320,3,1,9.88,9.88
8/2/2023 10:24,109,457833,321,3,1,16.42,16.42
1/27/2024 6:12,276,201317,322,2,5,14.79,73.95
8/19/2023 20:45,125,778409,323,3,1,12.56,12.56
1/11/2024 3:10,261,624190,324,3,2,19.02,38.04
4/23/2023 15:27,15,703243,325,2,3,17.9,53.7
1/9/2024 14:17,259,660396,326,2,4,12.49,49.96
8/8/2023 2:33,115,181160,327,3,1,19.94,19.94
9/20/2023 12:32,154,862401,328,1,5,10.02,50.1
3/22/2024 1:26,328,934099,329,3,3,5.18,15.54
3/22/2024 1:26,328,934099,376,3,3,5.18,15.54
3/2/2024 1:58,308,882275,330,2,3,14.63,43.89
5/6/2023 6:01,28,342650,331,3,4,13.76,55.04
10/2/2023 15:39,165,455009,332,1,4,5.43,21.72
2/28/2024 19:11,305,346285,333,3,2,7.23,14.46
5/27/2023 14:57,48,490474,334,3,1,5.89,5.89
1/4/2024 16:52,254,350718,335,1,2,5.18,10.36
8/14/2023 4:44,120,975708,336,3,4,8.44,33.76
2/28/2024 23:58,305,999281,337,3,4,14.36,57.44
3/19/2024 18:18,325,906897,338,3,4,14.04,56.16
3/19/2024 18:18,325,906897,620,3,4,14.04,56.16
5/3/2023 2:49,25,434454,339,1,5,12.38,61.9
4/19/2023 18:34,11,833937,340,1,4,12.14,48.56
4/15/2023 16:15,7,98059,341,2,4,19.29,77.16
7/4/2023 13:13,83,884008,342,2,5,12.8,64
9/6/2023 20:14,141,113557,343,1,1,19.06,19.06
12/23/2023 17:19,244,489456,344,3,3,5.82,17.46
2/5/2024 10:27,284,22193,345,2,3,19.95,59.85
8/12/2023 1:21,118,444971,346,2,1,6.88,6.88
7/14/2023 12:35,93,690045,347,3,3,16.86,50.58
6/8/2023 12:36,60,587520,348,2,3,12.62,37.86
5/14/2023 5:25,36,772143,349,3,1,5.52,5.52
2/29/2024 15:49,306,354049,350,1,3,18.57,55.71
6/10/2023 19:40,62,603175,351,2,2,19.17,38.34
2/20/2024 5:00,298,523967,352,2,1,10.73,10.73
2/15/2024 7:40,293,996395,353,2,5,7.6,38
6/11/2023 22:26,63,395415,354,3,3,6.57,19.71
3/15/2024 17:21,321,477462,355,2,2,16.49,32.98
11/16/2023 12:46,207,430659,356,1,4,11.03,44.12
5/30/2023 4:06,51,14007,357,2,3,16.28,48.84
5/30/2023 4:06,51,14007,867,2,3,16.28,48.84
4/21/2023 16:14,13,171617,358,3,5,10.49,52.45
3/4/2024 2:05,310,806741,359,1,4,8.47,33.88
10/6/2023 3:13,169,616785,360,2,5,8.55,42.75
2/8/2024 15:48,287,395993,361,3,5,17.85,89.25
5/25/2023 19:43,46,728531,362,2,4,12.02,48.08
10/8/2023 17:12,171,972,363,3,2,15.41,30.82
8/1/2023 3:59,108,13633,364,2,2,16.02,32.04
4/11/2023 18:29,3,920417,365,3,1,10.84,10.84
7/26/2023 7:28,103,568643,366,1,5,6.43,32.15
4/14/2023 13:06,6,319048,367,3,2,16.1,32.2
3/15/2024 21:26,321,6280,368,2,5,19.83,99.15
3/15/2024 21:26,321,6280,435,2,5,19.83,99.15
3/28/2024 17:29,333,402571,369,1,4,6.35,25.4
3/18/2024 11:13,324,691462,370,3,3,16.65,49.95
6/15/2023 11:14,66,951187,371,3,2,5.75,11.5
12/1/2023 21:51,222,6966,372,1,2,15.42,30.84
7/26/2023 7:09,103,488355,373,2,4,17.89,71.56
9/16/2023 17:09,150,349515,374,2,5,17.16,85.8
5/7/2023 4:56,29,80245,375,2,3,19.35,58.05
5/7/2023 3:36,29,798040,329,1,5,10.19,50.95
5/7/2023 3:36,29,798040,376,1,5,10.19,50.95
3/15/2024 11:52,321,434060,377,3,1,9,9
4/4/2024 19:23,339,861881,378,1,2,13.51,27.02
4/14/2023 19:11,6,978405,379,2,3,13.66,40.98
7/24/2023 5:51,101,459592,380,2,1,11.52,11.52
9/21/2023 16:31,155,925109,381,3,5,15.71,78.55
4/27/2023 20:57,19,999394,382,1,2,16.67,33.34
12/7/2023 6:46,228,128910,383,1,2,19.21,38.42
12/7/2023 6:46,228,128910,821,1,2,19.21,38.42
12/30/2023 3:09,249,280621,384,3,2,11.2,22.4
3/10/2024 11:57,316,477812,385,1,4,8.53,34.12
12/26/2023 15:23,246,815674,386,3,1,8.19,8.19
12/2/2023 18:12,223,806750,387,3,4,9.34,37.36
12/2/2023 18:12,223,806750,890,3,4,9.34,37.36
6/17/2023 15:14,68,909686,388,2,1,13.97,13.97
8/18/2023 8:01,124,539776,389,3,3,16.92,50.76
3/29/2024 13:36,334,50727,390,3,2,16.91,33.82
4/15/2023 16:35,7,716313,391,2,5,13.82,69.1
4/17/2023 5:55,9,150881,392,3,3,5.81,17.43
3/28/2024 15:22,333,29691,393,1,5,6.56,32.8
3/7/2024 19:57,313,383240,394,3,5,16.37,81.85
8/25/2023 23:41,130,787999,395,1,5,6.92,34.6
1/16/2024 13:47,266,783799,396,2,2,9.6,19.2
8/28/2023 21:14,133,585680,210,2,3,11.65,34.95
8/28/2023 21:14,133,585680,397,2,3,11.65,34.95
2/23/2024 0:19,301,862942,398,2,2,18.84,37.68
12/15/2023 1:00,236,916845,399,1,2,12.22,24.44
9/11/2023 13:09,146,107,400,3,4,11.44,45.76
9/22/2023 22:41,156,833387,289,1,4,17.37,69.48
9/22/2023 22:41,156,833387,401,1,4,17.37,69.48
1/24/2024 23:45,273,351294,402,2,2,5.16,10.32
2/11/2024 2:25,290,223171,403,1,2,5.46,10.92
3/11/2024 9:43,317,612911,404,2,4,13.43,53.72
3/11/2024 9:43,317,612911,527,2,4,13.43,53.72
3/15/2024 6:40,321,927044,405,1,4,7.87,31.48
1/20/2024 9:17,270,112468,406,3,4,17.38,69.52
3/9/2024 0:39,315,797081,407,1,1,12.09,12.09
3/22/2024 7:53,328,672447,408,3,4,10.76,43.04
8/28/2023 16:06,133,630187,409,1,5,13.76,68.8
7/15/2023 7:57,94,712248,410,3,5,11.61,58.05
1/5/2024 18:26,255,831313,411,3,3,19.52,58.56
10/15/2023 5:04,178,38326,412,3,2,9.51,19.02
3/16/2024 4:33,322,332191,413,2,3,17.96,53.88
3/4/2024 12:10,310,250839,414,2,1,12.52,12.52
5/5/2023 0:07,27,145017,415,3,3,11.3,33.9
5/5/2023 0:07,27,145017,657,3,3,11.3,33.9
1/7/2024 4:00,257,443894,416,2,2,14.34,28.68
2/7/2024 12:53,286,344745,417,2,1,10.13,10.13
8/14/2023 9:00,120,608871,418,3,4,15.83,63.32
1/19/2024 16:58,269,718057,419,2,3,10.81,32.43
3/31/2024 7:13,336,762467,420,2,5,16.06,80.3
7/8/2023 21:13,87,630372,421,2,2,15.13,30.26
4/23/2023 19:00,15,792811,422,2,4,9.42,37.68
1/8/2024 9:26,258,394905,423,2,2,9.48,18.96
12/5/2023 15:30,226,602168,424,2,2,10.12,20.24
4/29/2023 16:27,21,563667,425,2,3,6.15,18.45
12/9/2023 1:09,230,882824,426,2,4,17.95,71.8
4/18/2023 14:19,10,265526,427,3,1,16.83,16.83
1/1/2024 1:22,251,815093,428,3,2,12.29,24.58
3/27/2024 16:45,332,152706,429,2,1,15.55,15.55
11/13/2023 19:56,205,235946,430,1,1,11.72,11.72
8/14/2023 8:54,120,714030,431,1,5,18.52,92.6
8/4/2023 22:12,111,566460,432,2,2,15.79,31.58
2/24/2024 7:43,302,81851,433,2,5,6.83,34.15
9/10/2023 14:09,145,753714,434,3,1,5.64,5.64
3/8/2024 7:43,314,137973,368,3,4,8.03,32.12
3/8/2024 7:43,314,137973,435,3,4,8.03,32.12
11/6/2023 13:29,199,240678,436,3,5,5.94,29.7
3/15/2024 8:21,321,137143,437,2,5,9.47,47.35
8/14/2023 16:35,120,95035,438,3,5,16.46,82.3
8/18/2023 11:29,124,424768,439,1,4,10.06,40.24
6/15/2023 12:29,66,592397,440,1,2,7.2,14.4
3/31/2024 12:26,336,910549,441,1,5,7.75,38.75
4/2/2024 12:29,338,851099,442,1,5,6.38,31.9
9/27/2023 21:36,160,752474,443,3,2,19.68,39.36
3/11/2024 20:08,317,833534,444,2,1,6.19,6.19
6/19/2023 7:02,70,411290,445,2,2,19.18,38.36
9/23/2023 14:54,157,968938,446,1,2,12,24
5/14/2023 18:49,36,734750,447,1,1,5.23,5.23
4/8/2024 3:17,342,923735,448,2,2,10.93,21.86
12/31/2023 7:11,250,188064,449,1,3,15.94,47.82
12/2/2023 8:20,223,438470,450,1,5,14.03,70.15
7/8/2023 3:06,87,252726,451,1,4,7.7,30.8
4/30/2023 6:50,22,755605,452,3,5,12.37,61.85
4/30/2023 6:50,22,755605,495,3,5,12.37,61.85
7/1/2023 22:25,81,647133,453,1,5,14.16,70.8
2/16/2024 4:47,294,584487,454,2,2,15.31,30.62
10/17/2023 13:59,180,359114,455,1,4,7.61,30.44
5/11/2023 15:21,33,166845,456,2,2,9.76,19.52
7/25/2023 9:07,102,574036,457,2,1,5.14,5.14
7/15/2023 23:34,94,812359,458,2,5,6.75,33.75
4/17/2023 20:27,9,839980,459,3,1,10.03,10.03
5/14/2023 14:05,36,160253,460,2,2,7.82,15.64
9/3/2023 0:52,139,708481,461,3,3,13.9,41.7
12/13/2023 7:42,234,575300,462,2,3,7.28,21.84
8/16/2023 2:39,122,750166,463,2,5,19.02,95.1
6/28/2023 14:29,78,248821,464,1,1,5.96,5.96
9/26/2023 5:46,159,460564,465,1,4,11.73,46.92
11/24/2023 9:08,215,363185,466,2,1,7.79,7.79
2/10/2024 16:13,289,357133,467,1,5,10.44,52.2
2/10/2024 16:13,289,357133,704,1,5,10.44,52.2
3/15/2024 1:15,321,493910,468,2,2,15.05,30.1
12/26/2023 9:43,246,475216,469,2,3,16.92,50.76
10/8/2023 11:51,171,567803,470,1,4,8.59,34.36
1/31/2024 9:40,280,473522,471,1,5,9.81,49.05
10/8/2023 12:57,171,140954,472,1,5,9.38,46.9
10/8/2023 12:57,171,140954,533,1,5,9.38,46.9
2/17/2024 22:19,295,371931,473,3,5,12.89,64.45
7/25/2023 6:07,102,169499,474,2,2,11.84,23.68
8/9/2023 15:40,116,662349,475,2,1,6.95,6.95
3/7/2024 6:13,313,42196,476,2,1,9.12,9.12
7/8/2023 0:25,87,767075,477,1,1,10.15,10.15
10/26/2023 0:55,188,429154,478,1,5,10.4,52
10/10/2023 8:18,173,192349,479,1,2,5.49,10.98
1/8/2024 1:08,258,560182,480,2,3,13.64,40.92
9/8/2023 20:09,143,679591,481,2,2,15.09,30.18
7/28/2023 2:42,105,292167,482,2,1,13.74,13.74
5/4/2023 10:27,26,209384,483,2,3,7.42,22.26
7/3/2023 2:12,82,127969,484,3,1,11.61,11.61
10/8/2023 21:39,171,277760,485,1,5,19.93,99.65
4/6/2024 15:53,341,630170,486,3,3,6.39,19.17
3/10/2024 20:19,316,446720,487,2,1,19.44,19.44
5/3/2023 21:20,25,665275,488,1,4,8.89,35.56
3/26/2024 6:28,331,207054,489,3,2,17.04,34.08
9/18/2023 22:28,152,71793,490,2,1,19.72,19.72
6/4/2023 3:13,56,582460,491,2,3,14.86,44.58
7/4/2023 12:53,83,11063,492,3,4,16.11,64.44
3/26/2024 18:19,331,368377,493,1,5,17.81,89.05
8/17/2023 18:59,123,163285,494,1,5,8.96,44.8
6/9/2023 19:45,61,139611,452,1,2,11.77,23.54
6/9/2023 19:45,61,139611,495,1,2,11.77,23.54
6/12/2023 0:17,64,557832,496,1,5,14.18,70.9
2/21/2024 22:09,299,468662,497,3,1,17.42,17.42
1/19/2024 12:19,269,591871,498,2,5,17.62,88.1
11/18/2023 16:29,209,199278,499,3,3,17.36,52.08
3/24/2024 19:45,330,587473,500,3,1,7.38,7.38
3/13/2024 17:53,319,197277,501,1,1,15.99,15.99
10/21/2023 12:21,184,732828,502,1,4,8.34,33.36
12/12/2023 20:38,233,309850,503,3,4,8.2,32.8
10/21/2023 2:53,184,576503,504,1,1,6.87,6.87
6/1/2023 22:28,53,372169,505,3,3,11.16,33.48
1/27/2024 13:32,276,532728,506,3,1,19.33,19.33
12/10/2023 13:59,231,863933,507,1,5,18.51,92.55
10/18/2023 20:52,181,155900,508,3,5,13.69,68.45
11/13/2023 20:56,205,39274,509,3,5,17.37,86.85
8/16/2023 3:19,122,538101,510,1,5,16.09,80.45
8/3/2023 9:49,110,291570,511,2,3,6.65,19.95
9/8/2023 12:01,143,712225,512,3,5,10.32,51.6
10/4/2023 16:58,167,923323,513,1,4,18.87,75.48
3/29/2024 3:51,334,958101,514,1,3,16.74,50.22
3/9/2024 15:04,315,82751,515,3,4,7.63,30.52
1/3/2024 10:44,253,549594,516,1,5,16.56,82.8
4/18/2023 8:03,10,489399,517,1,3,15.43,46.29
6/15/2023 18:59,66,308352,518,1,1,17.48,17.48
5/24/2023 21:28,45,90269,519,2,1,19.52,19.52
8/23/2023 9:06,128,336037,520,1,3,17.8,53.4
8/23/2023 9:06,128,336037,941,1,3,17.8,53.4
5/23/2023 4:03,44,751452,521,1,1,18.27,18.27
12/9/2023 21:45,230,115915,522,2,5,16.74,83.7
8/31/2023 14:41,136,515184,523,2,1,12.12,12.12
4/9/2023 21:21,1,464872,524,2,1,14.57,14.57
7/3/2023 21:27,82,134961,525,1,5,19.18,95.9
1/13/2024 9:52,263,554003,526,2,4,14.55,58.2
3/9/2024 22:21,315,320269,404,1,2,13.86,27.72
3/9/2024 22:21,315,320269,527,1,2,13.86,27.72
11/7/2023 1:33,200,165384,528,2,5,11.59,57.95
9/17/2023 21:47,151,771511,529,3,5,17.23,86.15
1/4/2024 22:00,254,227596,530,2,3,13.82,41.46
7/9/2023 7:54,88,938933,531,3,1,18.65,18.65
3/27/2024 18:49,332,495230,532,2,5,18.05,90.25
2/1/2024 4:20,281,380641,472,2,3,6.09,18.27
2/1/2024 4:20,281,380641,533,2,3,6.09,18.27
7/31/2023 20:16,107,135057,534,3,2,10.96,21.92
7/3/2023 23:08,82,664033,535,1,4,14.26,57.04
2/4/2024 13:29,283,968698,536,3,1,9.25,9.25
2/10/2024 13:04,289,246692,537,3,1,14.56,14.56
4/26/2023 10:22,18,515351,538,2,5,6.47,32.35
3/24/2024 18:15,330,559490,539,3,4,12.98,51.92
1/26/2024 16:00,275,429678,540,3,3,6.86,20.58
12/4/2023 3:16,225,923173,541,3,5,15.39,76.95
7/13/2023 17:08,92,401873,542,3,4,13.71,54.84
7/13/2023 17:08,92,401873,628,3,4,13.71,54.84
1/27/2024 7:06,276,484287,543,2,1,14.15,14.15
3/7/2024 13:50,313,104133,274,2,4,15.84,63.36
3/7/2024 13:50,313,104133,544,2,4,15.84,63.36
12/10/2023 8:20,231,247475,545,2,3,18.34,55.02
10/2/2023 11:56,165,125751,546,3,2,11.41,22.82
11/30/2023 17:49,221,262568,547,2,4,6.36,25.44
12/23/2023 1:18,244,7845,548,2,3,8.85,26.55
9/3/2023 17:23,139,827793,549,3,3,15.63,46.89
10/11/2023 20:04,174,831848,67,2,2,13.84,27.68
10/11/2023 20:04,174,831848,550,2,2,13.84,27.68
7/11/2023 13:34,90,57626,551,1,2,19.5,39
5/15/2023 21:10,37,818239,55,3,4,11.95,47.8
12/10/2023 2:06,231,584449,553,1,4,12.6,50.4
7/29/2023 12:08,106,870603,554,2,2,5.5,11
3/6/2024 19:29,312,678612,555,2,5,8.88,44.4
8/22/2023 16:42,127,294946,556,2,2,19.94,39.88
2/21/2024 18:57,299,927858,557,1,1,11.58,11.58
8/1/2023 15:06,108,832829,558,2,1,9.45,9.45
9/20/2023 7:47,154,742451,559,3,2,17.39,34.78
12/15/2023 22:15,236,556400,560,3,4,9.4,37.6
8/24/2023 5:30,129,689465,561,1,5,12.22,61.1
8/19/2023 7:32,125,839606,562,2,1,6.84,6.84
7/7/2023 5:08,86,855529,563,1,3,14.02,42.06
8/19/2023 19:06,125,546941,564,3,2,19.37,38.74
3/4/2024 9:36,310,419995,565,3,1,19.05,19.05
10/3/2023 10:03,166,381642,197,1,1,7.77,7.77
10/3/2023 10:03,166,381642,566,1,1,7.77,7.77
12/6/2023 3:25,227,96215,567,1,1,11.69,11.69
11/18/2023 9:20,209,823597,568,3,1,18.32,18.32
9/27/2023 18:24,160,520947,569,1,4,9.3,37.2
9/20/2023 4:06,154,818357,570,2,2,14.51,29.02
9/20/2023 4:06,154,818357,957,2,2,14.51,29.02
10/29/2023 6:39,191,37203,571,1,5,18.99,94.95
5/29/2023 20:33,50,874005,284,3,3,9.82,29.46
5/29/2023 20:33,50,874005,572,3,3,9.82,29.46
4/19/2023 3:25,11,848977,573,1,4,16.34,65.36
12/8/2023 3:05,229,207490,574,1,1,7.65,7.65
12/8/2023 3:05,229,207490,885,1,1,7.65,7.65
2/7/2024 11:53,286,620941,575,2,2,14.57,29.14
5/8/2023 4:17,30,154332,576,3,1,5.25,5.25
2/5/2024 10:12,284,549661,577,2,4,19.25,77
10/15/2023 17:53,178,833612,578,1,2,10.07,20.14
1/3/2024 5:13,253,654393,137,2,2,9.14,18.28
1/3/2024 5:13,253,654393,579,2,2,9.14,18.28
10/23/2023 19:07,186,188685,580,3,1,19.29,19.29
3/20/2024 22:09,326,301993,581,3,4,11.97,47.88
3/20/2024 22:09,326,301993,981,3,4,11.97,47.88
10/8/2023 20:55,171,455424,582,3,2,19.61,39.22
3/11/2024 6:10,317,315390,583,3,3,7.4,22.2
9/1/2023 3:57,137,16493,584,3,3,14.49,43.47
3/18/2024 12:01,324,519434,585,1,1,16.48,16.48
10/31/2023 12:55,193,60181,586,3,3,6.43,19.29
6/23/2023 15:53,73,803353,587,3,4,6.84,27.36
11/5/2023 18:30,198,911637,588,1,4,14.88,59.52
3/16/2024 5:28,322,404701,589,2,1,7.16,7.16
3/16/2024 5:28,322,404701,755,2,1,7.16,7.16
8/28/2023 8:30,133,535660,590,1,2,17.38,34.76
11/16/2023 20:00,207,870946,591,3,1,9.99,9.99
11/16/2023 20:00,207,870946,961,3,1,9.99,9.99
3/1/2024 18:58,307,932993,592,3,2,17.61,35.22
9/16/2023 2:25,150,729705,593,3,4,11.91,47.64
9/15/2023 7:00,149,331733,594,1,3,11.03,33.09
10/25/2023 11:09,187,774904,595,2,1,17.11,17.11
7/24/2023 12:05,101,777276,596,3,4,5.61,22.44
12/16/2023 11:58,237,376907,597,1,2,5.76,11.52
9/26/2023 11:56,159,81751,598,2,1,12.85,12.85
3/11/2024 23:17,317,888391,599,1,2,8.31,16.62
12/2/2023 4:12,223,261634,600,3,3,10.38,31.14
8/22/2023 0:01,127,391388,601,3,3,18.61,55.83
7/18/2023 12:23,96,804960,602,2,5,19.49,97.45
11/28/2023 22:15,219,550085,603,2,5,14.33,71.65
6/11/2023 10:00,63,813963,604,1,3,8.93,26.79
8/24/2023 21:22,129,238439,605,2,3,18.43,55.29
2/28/2024 11:13,305,697058,606,2,2,17.17,34.34
3/7/2024 11:40,313,84819,607,1,1,18.34,18.34
6/8/2023 20:11,60,172823,608,1,4,13.2,52.8
1/16/2024 9:23,266,866116,609,3,3,6.63,19.89
2/1/2024 5:29,281,840878,610,2,1,16.38,16.38
2/1/2024 5:29,281,840878,868,2,1,16.38,16.38
9/15/2023 12:35,149,706695,611,1,3,19.14,57.42
6/24/2023 17:26,74,483536,612,3,3,17.43,52.29
11/25/2023 6:38,216,932225,613,3,3,10.25,30.75
11/24/2023 1:43,215,626497,614,1,1,6.44,6.44
9/9/2023 9:33,144,728075,615,3,4,18.13,72.52
4/11/2023 8:59,3,920416,616,2,1,19.66,19.66
1/2/2024 19:48,252,6126,617,1,1,19.98,19.98
2/13/2024 4:56,292,768286,244,3,4,9.62,38.48
2/13/2024 4:56,292,768286,618,3,4,9.62,38.48
7/26/2023 11:30,103,413337,619,1,3,16.2,48.6
5/24/2023 11:00,45,836889,338,2,5,9.42,47.1
5/24/2023 11:00,45,836889,620,2,5,9.42,47.1
10/19/2023 19:48,182,72733,621,3,1,16.56,16.56
7/5/2023 5:29,84,729973,622,3,1,18.49,18.49
8/1/2023 11:43,108,601735,623,1,5,7.38,36.9
6/28/2023 0:05,78,636102,624,1,3,6.36,19.08
3/11/2024 9:43,317,396712,625,2,3,8.33,24.99
7/28/2023 21:12,105,342638,626,2,1,10.17,10.17
1/28/2024 23:54,277,621098,627,2,2,11.44,22.88
8/13/2023 9:27,119,874974,542,1,5,11.66,58.3
8/13/2023 9:27,119,874974,628,1,5,11.66,58.3
12/30/2023 3:04,249,984864,629,2,5,7.88,39.4
6/27/2023 11:10,77,213513,630,3,2,16.28,32.56
5/30/2023 0:23,51,382805,631,3,3,12.65,37.95
2/15/2024 23:34,293,341424,632,2,3,18.54,55.62
3/3/2024 1:20,309,117826,633,3,2,11.02,22.04
8/9/2023 12:18,116,204004,634,2,2,10.97,21.94
8/29/2023 8:46,134,615548,635,3,2,12.94,25.88
5/10/2023 23:53,32,80031,636,1,1,8.26,8.26
10/29/2023 4:57,191,294850,637,3,5,10.94,54.7
5/20/2023 17:16,41,70187,638,2,1,11.91,11.91
5/20/2023 23:26,41,884581,639,1,4,9.36,37.44
5/20/2023 23:26,41,884581,937,1,4,9.36,37.44
1/19/2024 19:13,269,778269,640,1,1,11.37,11.37
2/21/2024 17:24,299,280851,641,3,3,8.32,24.96
10/5/2023 18:41,168,484281,642,2,2,5.5,11
7/4/2023 19:28,83,550732,643,1,1,15.87,15.87
12/21/2023 2:16,242,454548,644,2,3,11.29,33.87
12/21/2023 2:16,242,454548,744,2,3,11.29,33.87
1/20/2024 3:56,270,463207,645,1,2,17.51,35.02
11/2/2023 20:09,195,11923,646,1,3,18.32,54.96
4/12/2023 8:05,4,61280,647,2,5,16.85,84.25
6/26/2023 3:57,76,787796,648,2,5,16.64,83.2
2/10/2024 12:54,289,946402,649,3,1,14,14
12/23/2023 5:53,244,689337,650,3,4,15.82,63.28
12/27/2023 0:28,247,378584,651,1,2,10.66,21.32
10/31/2023 3:25,193,88155,652,2,5,6.78,33.9
2/5/2024 14:15,284,583637,653,1,3,5.94,17.82
6/5/2023 11:37,57,888626,654,2,2,9.97,19.94
7/25/2023 22:08,102,937428,655,3,4,12.21,48.84
11/28/2023 2:45,219,442735,83,1,1,18.44,18.44
11/28/2023 2:45,219,442735,656,1,1,18.44,18.44
6/18/2023 4:10,69,121137,415,1,3,12.77,38.31
6/18/2023 4:10,69,121137,657,1,3,12.77,38.31
5/14/2023 16:39,36,714845,658,3,3,11.3,33.9
1/15/2024 6:22,265,392170,659,3,5,8.85,44.25
7/5/2023 6:22,84,116528,660,1,4,8.22,32.88
12/3/2023 9:51,224,404730,661,3,2,7.01,14.02
12/3/2023 9:51,224,404730,852,3,2,7.01,14.02
9/21/2023 7:01,155,350411,662,3,2,15.15,30.3
4/13/2023 9:04,5,801256,663,1,3,8.39,25.17
7/10/2023 0:25,89,500610,664,1,3,19.03,57.09
6/22/2023 4:58,72,60144,665,2,5,15.92,79.6
2/5/2024 21:17,284,279732,666,2,1,16.52,16.52
4/15/2023 7:10,7,77521,667,1,2,16.47,32.94
1/26/2024 12:24,275,374054,668,3,4,8.83,35.32
9/7/2023 12:24,142,431024,669,1,2,5,10
12/28/2023 2:42,248,395107,670,2,2,17.22,34.44
6/17/2023 8:28,68,415384,671,2,5,7.48,37.4
5/21/2023 13:31,42,722344,672,1,2,18.52,37.04
3/21/2024 7:06,327,191757,673,3,2,12.35,24.7
8/8/2023 4:20,115,661404,95,2,2,19.04,38.08
8/8/2023 4:20,115,661404,674,2,2,19.04,38.08
1/3/2024 7:56,253,749908,675,3,3,7.41,22.23
7/4/2023 0:01,83,703950,676,2,5,18.28,91.4
11/6/2023 1:11,199,736344,677,3,2,19.96,39.92
3/21/2024 11:16,327,32215,678,1,1,18.13,18.13
12/8/2023 3:07,229,63974,679,1,3,5.58,16.74
2/23/2024 4:02,301,1652,680,1,2,5.94,11.88
11/12/2023 22:12,204,932854,681,2,1,10.46,10.46
11/7/2023 8:08,200,213990,682,1,4,11.25,45
4/30/2023 15:21,22,299053,683,2,2,15.44,30.88
6/24/2023 23:06,74,200524,684,2,1,15.79,15.79
2/11/2024 10:58,290,707338,685,1,4,6.24,24.96
3/17/2024 5:47,323,628014,686,3,4,16,64
10/1/2023 16:35,164,968335,140,1,3,13.67,41.01
10/1/2023 16:35,164,968335,687,1,3,13.67,41.01
4/24/2023 5:14,16,745900,688,1,2,8.36,16.72
4/5/2024 17:14,340,42986,689,2,1,5.75,5.75
5/22/2023 1:56,43,48466,690,1,1,8.71,8.71
6/16/2023 18:08,67,229812,691,3,4,13.65,54.6
8/17/2023 7:48,123,755614,692,2,1,17.21,17.21
1/4/2024 17:08,254,361959,693,1,2,8.2,16.4
3/16/2024 11:25,322,783508,694,2,2,11.32,22.64
10/21/2023 8:00,184,685086,695,3,5,16.26,81.3
10/2/2023 3:00,165,765317,696,3,2,12.3,24.6
12/8/2023 1:09,229,464332,697,2,5,18.18,90.9
10/1/2023 12:40,164,92889,698,3,4,10.14,40.56
8/24/2023 13:44,129,234825,699,2,3,9.79,29.37
9/11/2023 16:02,146,20448,700,2,3,15.84,47.52
9/19/2023 7:36,153,777018,701,1,2,9.74,19.48
5/1/2023 3:48,23,905074,702,3,5,15.5,77.5
5/4/2023 5:46,26,464649,703,3,4,9.95,39.8
10/9/2023 1:30,172,979032,467,1,3,9.34,28.02
10/9/2023 1:30,172,979032,704,1,3,9.34,28.02
6/28/2023 8:44,78,860989,705,2,2,16.01,32.02
10/30/2023 9:23,192,777664,706,1,3,6.09,18.27
5/26/2023 14:04,47,543824,707,1,4,14.39,57.56
10/30/2023 6:19,192,755718,708,1,3,11.65,34.95
2/10/2024 12:43,289,750621,709,2,1,18.59,18.59
3/8/2024 23:48,314,199177,710,2,1,14.66,14.66
11/11/2023 22:08,203,129363,711,2,5,6.95,34.75
5/30/2023 21:55,51,905074,712,1,4,17.98,71.92
2/1/2024 18:55,281,853361,713,2,4,6.01,24.04
11/24/2023 23:03,215,37172,714,1,1,6.46,6.46
10/23/2023 10:42,186,614423,715,3,1,15.42,15.42
8/11/2023 7:46,117,692448,716,2,3,17.98,53.94
3/26/2024 15:55,331,463301,717,2,5,16.71,83.55
4/19/2023 15:11,11,848233,718,3,4,5.55,22.2
1/25/2024 20:05,274,480522,719,1,2,15.25,30.5
1/14/2024 6:02,264,156357,720,3,3,9.86,29.58
2/5/2024 14:01,284,694594,721,3,3,7.66,22.98
6/16/2023 20:24,67,871464,722,2,5,7.49,37.45
8/9/2023 21:13,116,462805,723,1,2,8.3,16.6
7/18/2023 6:29,96,552170,724,3,3,11.85,35.55
5/6/2023 6:58,28,989750,725,3,3,10.46,31.38
2/26/2024 15:12,303,362965,726,1,5,16.79,83.95
1/12/2024 16:26,262,157837,727,1,5,5.48,27.4
6/26/2023 10:00,76,596821,728,1,4,7.68,30.72
10/8/2023 12:20,171,691958,729,2,1,5.44,5.44
8/5/2023 10:12,112,936762,730,2,5,13.87,69.35
10/22/2023 5:21,185,72045,731,2,1,16.8,16.8
11/19/2023 2:44,210,983629,732,3,2,17.84,35.68
4/16/2023 2:40,8,877910,733,2,4,14.09,56.36
6/24/2023 21:29,74,717300,734,2,3,15.73,47.19
11/17/2023 4:36,208,164954,735,1,1,6.48,6.48
2/8/2024 19:25,287,227502,736,1,3,8.47,25.41
11/24/2023 20:52,215,318780,737,3,4,15.64,62.56
2/10/2024 4:19,289,328884,738,1,2,14.51,29.02
10/14/2023 8:30,177,85395,739,2,2,11.16,22.32
10/29/2023 16:47,191,935630,740,3,4,7.35,29.4
6/18/2023 4:09,69,117118,741,1,3,17.85,53.55
11/15/2023 15:23,206,48571,742,1,1,9.34,9.34
12/30/2023 7:31,249,255360,743,2,5,19.11,95.55
2/22/2024 9:20,300,715200,644,3,5,5.92,29.6
2/22/2024 9:20,300,715200,744,3,5,5.92,29.6
1/24/2024 17:26,273,157513,745,2,4,8.33,33.32
7/29/2023 7:48,106,502752,746,3,5,8.65,43.25
7/20/2023 7:35,98,997716,747,3,4,11.2,44.8
3/26/2024 3:40,331,774110,748,3,1,9.79,9.79
3/26/2024 3:40,331,774110,857,3,1,9.79,9.79
3/17/2024 3:57,323,923339,749,3,2,13.44,26.88
2/10/2024 20:23,289,484156,750,1,3,7.1,21.3
3/19/2024 14:47,325,237427,751,2,5,14.6,73
7/9/2023 13:05,88,118054,752,3,1,7.85,7.85
1/11/2024 22:54,261,120021,753,1,5,9.56,47.8
1/9/2024 13:50,259,798207,754,3,5,8.12,40.6
5/7/2023 0:40,29,341189,589,2,4,6.04,24.16
5/7/2023 0:40,29,341189,755,2,4,6.04,24.16
5/26/2023 0:44,47,492517,756,1,3,15.75,47.25
2/11/2024 18:06,290,78012,757,3,4,16.09,64.36
4/18/2023 13:15,10,385334,758,1,4,15.95,63.8
4/28/2023 12:43,20,981113,304,3,4,19.92,79.68
4/28/2023 12:43,20,981113,759,3,4,19.92,79.68
6/18/2023 19:05,69,154341,760,1,4,12.58,50.32
4/28/2023 20:52,20,736972,761,3,2,16.22,32.44
2/19/2024 23:14,297,970337,762,3,1,13.78,13.78
7/23/2023 7:37,100,331537,763,2,4,18.25,73
1/14/2024 4:03,264,653273,764,2,1,19.61,19.61
9/15/2023 14:09,149,548798,765,2,5,13.8,69
4/29/2023 11:04,21,254927,766,3,4,19.16,76.64
11/12/2023 7:24,204,666980,767,2,1,15.14,15.14
6/24/2023 13:59,74,181529,768,1,4,15.7,62.8
6/7/2023 11:54,59,83631,769,3,3,10.56,31.68
9/1/2023 21:37,137,775116,770,1,3,11.09,33.27
12/23/2023 12:20,244,536214,771,1,1,6.34,6.34
7/28/2023 21:07,105,596124,772,3,2,19.46,38.92
11/20/2023 9:26,211,442540,773,1,1,14.21,14.21
9/6/2023 22:14,141,540279,774,2,2,16.98,33.96
8/21/2023 9:53,126,674551,775,1,5,16.68,83.4
8/8/2023 3:04,115,881508,776,3,2,19.43,38.86
1/10/2024 22:56,260,429198,777,1,4,7.22,28.88
9/30/2023 13:32,163,724906,778,1,5,6.4,32
10/9/2023 6:56,172,18871,779,3,1,19.73,19.73
2/23/2024 22:24,301,718470,780,1,5,9.97,49.85
2/4/2024 23:49,283,582992,781,3,3,8.2,24.6
11/27/2023 5:11,218,373727,782,3,2,12.56,25.12
7/23/2023 5:49,100,751080,783,3,4,10.42,41.68
5/6/2023 23:43,28,903833,784,1,4,10.15,40.6
12/16/2023 23:27,237,29907,785,3,3,16.63,49.89
6/3/2023 23:23,55,528078,786,1,1,13.34,13.34
10/20/2023 0:04,183,900364,787,1,1,15.15,15.15
3/1/2024 11:25,307,60575,788,1,2,10.69,21.38
11/18/2023 10:21,209,24775,789,1,3,13.31,39.93
5/15/2023 9:49,37,530878,790,3,5,14.03,70.15
8/26/2023 6:31,131,499516,791,3,4,8.32,33.28
7/28/2023 12:30,105,952099,283,2,4,9.63,38.52
7/28/2023 12:30,105,952099,792,2,4,9.63,38.52
2/19/2024 11:38,297,149969,793,3,3,16.35,49.05
2/4/2024 22:25,283,523103,794,3,5,6.11,30.55
4/6/2024 2:27,341,165102,795,1,2,13.04,26.08
5/8/2023 8:58,30,277668,796,2,2,5.6,11.2
6/24/2023 17:36,74,808270,797,2,4,9.13,36.52
8/12/2023 20:08,118,158884,798,2,4,12.67,50.68
10/23/2023 0:32,186,941588,799,2,4,19.11,76.44
3/28/2024 8:24,333,549116,800,2,4,19.42,77.68
11/25/2023 18:59,216,228270,801,1,2,9.9,19.8
4/28/2023 23:29,20,477074,802,3,1,10.45,10.45
11/5/2023 21:20,198,77472,803,2,3,17.96,53.88
2/28/2024 21:20,305,52908,804,3,4,15.67,62.68
2/18/2024 2:04,296,862469,805,3,2,10.45,20.9
12/9/2023 8:27,230,922796,806,3,2,18.17,36.34
4/16/2023 12:46,8,980930,807,1,3,5.66,16.98
1/27/2024 22:50,276,627054,808,2,2,7.39,14.78
8/11/2023 11:59,117,304403,809,2,2,13.94,27.88
3/4/2024 19:05,310,735471,810,1,5,9.72,48.6
7/14/2023 15:34,93,278916,811,1,5,18.8,94
8/6/2023 6:51,113,218973,812,3,5,9.93,49.65
2/24/2024 9:48,302,360685,813,2,2,7.79,15.58
6/17/2023 14:31,68,208890,814,1,1,10.81,10.81
5/29/2023 9:54,50,864009,815,1,3,10.03,30.09
9/25/2023 11:27,158,179704,816,2,5,9.07,45.35
1/9/2024 14:05,259,499463,817,3,4,19.7,78.8
8/9/2023 8:06,116,381466,818,3,2,17.62,35.24
5/18/2023 20:53,39,225969,819,3,1,18.01,18.01
11/5/2023 17:05,198,804241,820,3,1,18.02,18.02
11/3/2023 12:41,196,898073,383,3,4,8.6,34.4
11/3/2023 12:41,196,898073,821,3,4,8.6,34.4
5/18/2023 5:25,39,214246,822,2,4,10,40
4/12/2023 23:54,4,486780,823,3,4,19.02,76.08
5/17/2023 2:24,38,973452,824,3,1,13.52,13.52
5/31/2023 4:23,52,105447,825,1,2,13.81,27.62
11/6/2023 7:24,199,854380,826,3,1,6.7,6.7
8/16/2023 0:47,122,827512,827,1,1,11.68,11.68
2/17/2024 18:48,295,566860,828,3,4,10.08,40.32
8/27/2023 20:38,132,891691,829,1,5,10.87,54.35
8/30/2023 1:03,135,43553,830,1,4,15.13,60.52
4/25/2023 21:30,17,398551,831,2,1,17.1,17.1
1/9/2024 0:45,259,307515,832,1,4,14.25,57
5/28/2023 21:41,49,581542,833,3,1,18.03,18.03
10/27/2023 5:58,189,510648,271,2,1,9.29,9.29
10/27/2023 5:58,189,510648,834,2,1,9.29,9.29
5/12/2023 6:46,34,507580,835,1,4,14.31,57.24
4/13/2023 22:56,5,685167,836,2,3,8.63,25.89
4/1/2024 0:38,337,333759,837,3,4,13.93,55.72
2/8/2024 1:26,287,837824,838,1,2,12.49,24.98
9/9/2023 18:44,144,462877,839,3,2,18.97,37.94
1/21/2024 9:31,271,987574,840,1,2,8.87,17.74
10/11/2023 21:48,174,657826,841,3,5,13.17,65.85
12/6/2023 15:30,227,883745,842,2,5,18.12,90.6
6/8/2023 8:23,60,957286,843,2,4,11.68,46.72
2/29/2024 2:55,306,494975,844,1,3,17.32,51.96
11/12/2023 0:28,204,799887,845,2,2,6.93,13.86
4/28/2023 20:51,20,100885,846,3,4,9.69,38.76
1/15/2024 3:53,265,553227,847,2,2,13.9,27.8
10/14/2023 2:49,177,493906,848,3,2,18.55,37.1
2/3/2024 12:54,282,576849,849,2,3,16.38,49.14
3/11/2024 13:50,317,978760,850,3,3,14.18,42.54
2/7/2024 5:33,286,618028,207,1,4,10.1,40.4
2/7/2024 5:33,286,618028,851,1,4,10.1,40.4
1/25/2024 15:24,274,998210,661,3,4,9.5,38
1/25/2024 15:24,274,998210,852,3,4,9.5,38
11/10/2023 2:43,202,156683,301,2,5,6.58,32.9
11/10/2023 2:43,202,156683,853,2,5,6.58,32.9
10/20/2023 15:03,183,472761,854,2,5,9.37,46.85
5/20/2023 19:31,41,890154,855,1,5,6.78,33.9
3/29/2024 5:34,334,357872,856,2,2,11.68,23.36
6/4/2023 13:38,56,567773,748,1,3,9.88,29.64
6/4/2023 13:38,56,567773,857,1,3,9.88,29.64
10/17/2023 20:14,180,936476,858,2,4,14,56
3/10/2024 4:26,316,805970,859,2,2,9.3,18.6
6/3/2023 22:40,55,297897,860,2,4,10.97,43.88
7/19/2023 19:30,97,841357,861,1,2,9.24,18.48
2/1/2024 16:42,281,656177,280,2,3,19.82,59.46
2/1/2024 16:42,281,656177,862,2,3,19.82,59.46
12/17/2023 2:52,238,653713,863,3,4,8.96,35.84
4/12/2023 20:43,4,710629,864,1,3,14.36,43.08
1/26/2024 4:01,275,88642,865,3,4,19.8,79.2
3/17/2024 11:58,323,442336,866,1,2,12.62,25.24
3/1/2024 0:44,307,355554,357,3,2,5.73,11.46
3/1/2024 0:44,307,355554,867,3,2,5.73,11.46
12/26/2023 19:02,246,90566,610,1,2,14.93,29.86
12/26/2023 19:02,246,90566,868,1,2,14.93,29.86
5/12/2023 0:07,34,783334,869,2,3,13.93,41.79
10/30/2023 16:37,192,31976,870,1,1,6.29,6.29
11/16/2023 23:11,207,641720,871,3,4,9.7,38.8
10/12/2023 5:55,175,185510,872,3,4,6.25,25
7/1/2023 13:52,81,909027,873,3,2,17.2,34.4
5/2/2023 5:55,24,400481,874,1,3,17.41,52.23
3/30/2024 10:13,335,272744,875,1,4,19.29,77.16
6/28/2023 0:30,78,292308,876,2,1,10.66,10.66
10/5/2023 0:24,168,216945,877,3,1,16.64,16.64
11/15/2023 15:30,206,607077,878,3,4,5.35,21.4
1/17/2024 1:30,267,640630,879,1,2,17.62,35.24
7/4/2023 19:55,83,81583,880,1,5,7.75,38.75
7/4/2023 7:00,83,559077,881,1,2,16.19,32.38
7/12/2023 12:41,91,502762,882,1,4,14.05,56.2
7/13/2023 2:00,92,454202,883,1,5,7.34,36.7
6/22/2023 21:13,72,360935,884,2,4,6.96,27.84
12/22/2023 8:08,243,678813,574,3,3,19.06,57.18
12/22/2023 8:08,243,678813,885,3,3,19.06,57.18
2/9/2024 23:32,288,719780,886,3,5,14.11,70.55
7/26/2023 9:23,103,308659,887,3,3,13.86,41.58
2/19/2024 15:51,297,925609,888,3,3,8.38,25.14
4/16/2023 16:33,8,994530,889,1,5,15.83,79.15
11/28/2023 13:12,219,420069,387,1,3,14.13,42.39
11/28/2023 13:12,219,420069,890,1,3,14.13,42.39
3/3/2024 20:19,309,873826,891,2,2,13.21,26.42
6/6/2023 2:33,58,715676,892,3,2,7.91,15.82
9/2/2023 16:18,138,420984,893,3,1,8.01,8.01
5/12/2023 3:04,34,446619,894,2,5,13.53,67.65
6/27/2023 20:47,77,833614,895,1,4,10.43,41.72
2/22/2024 7:49,300,744442,896,2,4,9.06,36.24
5/9/2023 21:57,31,824820,897,1,4,7.69,30.76
3/26/2024 21:42,331,504216,898,2,2,16.81,33.62
8/13/2023 14:58,119,191875,899,2,4,6.39,25.56
3/19/2024 12:17,325,5290,900,1,2,5.96,11.92
10/4/2023 22:11,167,144079,901,2,3,10.71,32.13
3/23/2024 17:08,329,893975,902,2,2,19.63,39.26
10/6/2023 17:42,169,839689,903,3,5,16.78,83.9
7/15/2023 1:22,94,946205,904,2,5,14.67,73.35
11/1/2023 4:09,194,571359,905,2,3,5.11,15.33
6/18/2023 2:35,69,252958,906,3,2,13.69,27.38
5/13/2023 14:37,35,811992,907,1,3,15.85,47.55
10/19/2023 10:16,182,820285,908,1,5,17.15,85.75
3/15/2024 13:16,321,883233,909,2,3,17.64,52.92
2/29/2024 8:50,306,510204,910,2,5,18.2,91
2/27/2024 22:16,304,502568,911,1,1,9.53,9.53
11/30/2023 10:13,221,197284,912,1,3,9.63,28.89
10/6/2023 14:01,169,79088,913,2,4,17.72,70.88
7/9/2023 15:44,88,328665,914,1,1,19.23,19.23
8/17/2023 10:27,123,55925,915,3,5,19.73,98.65
12/25/2023 14:43,245,651032,916,3,2,13.73,27.46
9/26/2023 15:49,159,458313,917,2,4,15.57,62.28
4/22/2023 3:31,14,345280,918,1,5,14.37,71.85
11/11/2023 17:51,203,798914,919,3,2,14.08,28.16
1/31/2024 12:53,280,300241,920,2,2,14.12,28.24
1/26/2024 20:02,275,923160,921,1,3,9.97,29.91
8/17/2023 14:49,123,682994,922,1,4,17.57,70.28
1/27/2024 21:00,276,429391,923,3,2,10.59,21.18
6/16/2023 9:36,67,879607,924,1,3,9.08,27.24
7/15/2023 7:03,94,199526,925,3,2,19.15,38.3
12/14/2023 20:17,235,464911,926,3,1,6.67,6.67
4/11/2023 14:13,3,191745,927,3,1,11.45,11.45
11/21/2023 21:18,212,358319,928,2,1,12.33,12.33
10/29/2023 17:37,191,290471,929,1,3,18.42,55.26
7/28/2023 15:37,105,842645,930,3,2,19.91,39.82
11/7/2023 22:25,200,498446,931,3,3,13.72,41.16
8/21/2023 23:04,126,133448,932,3,4,19.58,78.32
12/12/2023 4:35,233,476710,933,2,3,9.29,27.87
2/27/2024 16:30,304,575118,934,2,5,12.92,64.6
4/11/2023 15:59,3,233090,935,3,3,6.77,20.31
11/26/2023 11:23,217,865491,936,3,4,6.79,27.16
4/30/2023 2:10,22,468933,639,1,2,10.31,20.62
4/30/2023 2:10,22,468933,937,1,2,10.31,20.62
7/23/2023 20:25,100,380233,938,2,1,11.17,11.17
9/9/2023 17:34,144,547991,939,3,5,17.96,89.8
1/29/2024 2:33,278,794128,940,3,5,5.25,26.25
9/11/2023 19:19,146,372314,520,1,5,10.62,53.1
9/11/2023 19:19,146,372314,941,1,5,10.62,53.1
11/26/2023 3:17,217,171194,942,1,4,14.37,57.48
6/1/2023 11:48,53,665853,943,2,2,7.38,14.76
11/11/2023 14:59,203,625106,944,1,4,5.65,22.6
2/11/2024 0:08,290,637776,945,2,5,19.9,99.5
7/6/2023 12:55,85,442277,946,2,2,8.15,16.3
10/17/2023 3:55,180,667120,947,3,4,13.9,55.6
12/28/2023 21:05,248,985125,948,2,3,6.88,20.64
8/7/2023 14:04,114,414848,949,1,2,6.37,12.74
5/18/2023 18:29,39,104344,950,3,2,12.55,25.1
12/12/2023 8:47,233,514603,951,3,1,7.8,7.8
8/18/2023 14:35,124,708939,952,3,5,6.23,31.15
8/28/2023 11:14,133,190782,953,3,4,18.11,72.44
2/16/2024 18:30,294,459435,954,1,1,7.82,7.82
10/22/2023 17:00,185,790155,955,3,2,8.69,17.38
7/21/2023 3:14,99,595838,956,3,4,18.71,74.84
8/22/2023 21:13,127,895674,570,1,2,11.94,23.88
8/22/2023 21:13,127,895674,957,1,2,11.94,23.88
9/10/2023 14:24,145,473006,958,3,2,8.91,17.82
3/26/2024 4:31,331,972653,959,3,2,14.58,29.16
4/26/2023 19:24,18,785308,960,3,5,9.23,46.15
10/9/2023 19:04,172,701132,591,3,1,7.96,7.96
10/9/2023 19:04,172,701132,961,3,1,7.96,7.96
8/5/2023 10:28,112,140678,962,2,3,13.99,41.97
9/29/2023 9:09,162,289817,963,1,3,14.64,43.92
9/11/2023 22:52,146,740191,964,1,4,12.12,48.48
10/4/2023 11:22,167,477647,965,2,2,19.97,39.94
1/25/2024 14:25,274,376931,275,1,4,12.96,51.84
1/25/2024 14:25,274,376931,966,1,4,12.96,51.84
2/4/2024 13:55,283,932009,967,1,3,11.84,35.52
1/1/2024 23:40,251,549340,968,1,3,15.82,47.46
12/30/2023 5:55,249,138760,969,1,2,15.46,30.92
4/11/2023 0:53,3,706808,970,1,3,13.26,39.78
8/11/2023 18:21,117,406509,971,2,4,10.68,42.72
12/23/2023 22:18,244,685931,972,1,5,10.66,53.3
7/16/2023 12:34,95,992331,973,3,3,10.65,31.95
11/29/2023 14:09,220,781298,974,2,3,14.56,43.68
9/15/2023 20:36,149,719781,975,3,5,16.54,82.7
10/11/2023 20:35,174,338863,976,1,4,6.78,27.12
11/18/2023 12:34,209,143199,977,2,5,15.69,78.45
11/25/2023 13:37,216,861278,978,2,3,9.63,28.89
3/30/2024 2:57,335,71423,979,3,1,8.98,8.98
3/23/2024 23:05,329,974319,980,1,4,10.84,43.36
3/8/2024 0:03,314,766327,581,1,3,6.57,19.71
3/8/2024 0:03,314,766327,981,1,3,6.57,19.71
10/23/2023 22:41,186,740184,982,2,1,16.49,16.49
2/3/2024 10:29,282,243801,983,1,4,19.92,79.68
7/21/2023 20:59,99,318076,984,2,2,12.56,25.12
11/3/2023 9:56,196,458958,985,2,1,13.55,13.55
11/2/2023 13:50,195,890879,986,2,2,17.29,34.58
7/11/2023 12:26,90,873867,987,3,2,12.82,25.64
5/20/2023 12:31,41,620906,988,2,5,6.59,32.95
12/27/2023 10:36,247,701755,989,2,2,15.19,30.38
11/3/2023 19:25,196,58707,990,3,5,9.3,46.5
4/14/2023 3:42,6,822595,991,1,1,6.1,6.1
7/14/2023 6:52,93,537282,992,1,3,5.99,17.97
9/27/2023 15:31,160,442376,993,1,5,6.92,34.6
7/27/2023 15:53,104,672507,994,3,1,16.18,16.18
9/21/2023 14:40,155,240965,995,2,4,16.57,66.28
3/10/2024 15:02,316,883404,996,3,3,16.64,49.92
8/12/2023 11:07,118,558750,997,3,2,13.82,27.64
7/25/2023 3:20,102,156762,307,2,4,6.66,26.64
7/25/2023 3:20,102,156762,998,2,4,6.66,26.64
10/18/2023 11:11,181,419733,999,2,2,8.76,17.52
5/5/2023 23:25,27,94802,1000,2,4,8.55,34.2
